{"t":49,"R_o":2674004813686967.0,"R_o_error":[247912173007656.0,476642200707820.5],"E_o":5.328694817e+46,"E_o_error":[4.900686182e+45,9.028014718e+45],"B_o":7.8909983701,"B_o_error":[1.1775879631,0.796610143],"Ne_o":2.912915075e+50,"Ne_o_error":[2.678945436e+49,4.935137229e+49],"Next_o":3388.6465940336,"Next_o_error":[935.4267788671,718.7135345998],"beta_o":0.0210684051,"beta_o_error":[0.0019532927,0.0037554498],"R_t":2010385749229868.0,"R_t_error":[163928571381453.5,217789612169785.75],"E_t":2.490751723e+46,"E_t_error":[2.506488816e+45,3.030564886e+45],"B_t":7.3113482209,"B_t_error":[0.8305443563,0.7205805619],"Ne_t":3.728062138e+50,"Ne_t_error":[3.751616819e+49,4.536033882e+49],"Next_t":10273.9118536808,"Next_t_error":[2201.2102179959,2124.9773586371],"beta_t":0.01583977,"beta_t_error":[0.0012915884,0.0017159579]}
{"t":88,"R_o":2.775696808e+16,"R_o_error":[2986448439531460.0,3392494584780196.0],"E_o":9.80253223e+47,"E_o_error":[1.430658946e+47,2.062268967e+47],"B_o":1.0181267537,"B_o_error":[0.0844752781,0.1104889837],"Ne_o":5.358524909e+51,"Ne_o_error":[7.820654313e+50,1.127333159e+51],"Next_o":56.4113360808,"Next_o_error":[8.9726153176,12.9080201339],"beta_o":0.1217740944,"beta_o_error":[0.0131020093,0.0148833963],"R_t":8163855403379932.0,"R_t_error":[1189356087268274.0,1713589058806482.0],"E_t":1.204426507e+47,"E_t_error":[2.422955489e+46,3.428406854e+46],"B_t":1.9281214143,"B_t_error":[0.3060182065,0.3163689731],"Ne_t":1.802739638e+51,"Ne_t_error":[3.626587321e+50,5.13150856e+50],"Next_t":714.5111681505,"Next_t_error":[208.7861558251,253.7126569241],"beta_t":0.0358160911,"beta_t_error":[0.0052178884,0.0075177791]}
{"t":132,"R_o":4.01711041e+16,"R_o_error":[4883130037179200.0,5991526111874064.0],"E_o":1.961352994e+48,"E_o_error":[2.964377314e+47,4.8644477e+47],"B_o":0.8277254425,"B_o_error":[0.0998892323,0.0914536548],"Ne_o":1.072167744e+52,"Ne_o_error":[1.620467988e+51,2.659135778e+51],"Next_o":37.285069241,"Next_o_error":[8.4557991183,8.6947427898],"beta_o":0.1174912142,"beta_o_error":[0.0142820291,0.017523832],"R_t":2.112582055e+16,"R_t_error":[3461742691545600.0,3729529286454584.0],"E_t":5.200673004e+47,"E_t_error":[1.232247178e+47,1.262252666e+47],"B_t":0.9761286894,"B_t_error":[0.1284657152,0.1449846297],"Ne_t":7.784168907e+51,"Ne_t_error":[1.844380556e+51,1.889291627e+51],"Next_t":183.1283425952,"Next_t_error":[45.0304788703,58.4993992588],"beta_t":0.0617881525,"beta_t_error":[0.0101247989,0.010908013]}
{"t":186,"R_o":7.107417391e+16,"R_o_error":[1.268001903e+16,2.545463203e+16],"E_o":4.483654427e+48,"E_o_error":[1.04458954e+48,2.642042651e+48],"B_o":0.5286146898,"B_o_error":[0.1098805423,0.0905405377],"Ne_o":2.450976275e+52,"Ne_o_error":[5.710217462e+51,1.444264709e+52],"Next_o":15.2069556497,"Next_o_error":[5.6627312487,5.6553475924],"beta_o":0.147524595,"beta_o_error":[0.0263191898,0.0528347229],"R_t":4.348447024e+16,"R_t_error":[7674147349622180.0,1.099223251e+16],"E_t":1.450233284e+48,"E_t_error":[3.526747484e+47,5.189346916e+47],"B_t":0.5521231165,"B_t_error":[0.0853810813,0.0887697625],"Ne_t":2.170653842e+52,"Ne_t_error":[5.278701062e+51,7.767216451e+51],"Next_t":58.5893238679,"Next_t_error":[16.7138883163,20.3535218089],"beta_t":0.0902582261,"beta_t_error":[0.0159287884,0.0228159479]}
{"t":457,"R_o":7.407584179e+16,"R_o_error":[2690609424089328.0,2469151457364352.0],"E_o":1.385423109e+49,"E_o_error":[7.161935111e+47,7.336755363e+47],"B_o":0.8696184407,"B_o_error":[0.0267617146,0.024595078],"Ne_o":7.573373967e+52,"Ne_o_error":[3.915050396e+51,4.010615364e+51],"Next_o":41.1547324887,"Next_o_error":[2.4940230707,2.3608477864],"beta_o":0.0625786154,"beta_o_error":[0.002273003,0.0020859173],"R_t":6.46108316e+16,"R_t_error":[2633789815306584.0,2275005768234792.0],"E_t":8.22919324e+48,"E_t_error":[4.290978803e+47,4.537847821e+47],"B_t":0.7268459392,"B_t_error":[0.0227357653,0.026236658],"Ne_t":1.231714244e+53,"Ne_t_error":[6.422573339e+51,6.792077465e+51],"Next_t":101.5371624502,"Next_t_error":[6.2527904594,7.4626032473],"beta_t":0.0545826586,"beta_t_error":[0.0022250023,0.0019219047]}
{"t":800,"R_o":1.530496733e+17,"R_o_error":[7539668566697280.0,8825638346620064.0],"E_o":2.759206623e+49,"E_o_error":[2.212054624e+48,1.825485733e+48],"B_o":0.4103084595,"B_o_error":[0.0164713376,0.0206783966],"Ne_o":1.508312044e+53,"Ne_o_error":[1.209213041e+52,9.97896313e+51],"Next_o":9.1618513321,"Next_o_error":[0.720792235,0.9467486219],"beta_o":0.073859774,"beta_o_error":[0.0036385456,0.0042591378],"R_t":1.275906767e+17,"R_t_error":[7906167142960080.0,6436836855680096.0],"E_t":1.498201954e+49,"E_t_error":[1.070550624e+48,1.139240735e+48],"B_t":0.3544674068,"B_t_error":[0.0168165779,0.0188747262],"Ne_t":2.242451517e+53,"Ne_t_error":[1.602359324e+52,1.705172062e+52],"Next_t":24.1486619613,"Next_t_error":[2.2369700707,2.6402042061],"beta_t":0.0615735947,"beta_t_error":[0.003815413,0.0031063334]}
{"t":1377,"R_o":3.423339728e+17,"R_o_error":[2.801252992e+16,2.26140227e+16],"E_o":7.742430528e+49,"E_o_error":[8.628025963e+48,7.343114657e+48],"B_o":0.2067325853,"B_o_error":[0.0104931437,0.0147694632],"Ne_o":4.232376479e+53,"Ne_o_error":[4.716484573e+52,4.014091652e+52],"Next_o":2.3258418757,"Next_o_error":[0.2301115216,0.34420529],"beta_o":0.095980192,"beta_o_error":[0.0078538743,0.0063402946],"R_t":2.635368597e+17,"R_t_error":[1.443945748e+16,1.965785031e+16],"E_t":3.75601953e+49,"E_t_error":[2.744432148e+48,3.816206195e+48],"B_t":0.1878350899,"B_t_error":[0.0108626062,0.0088724075],"Ne_t":5.621866712e+53,"Ne_t_error":[4.107761318e+52,5.711951817e+52],"Next_t":6.7809999329,"Next_t_error":[0.761616619,0.6557495654],"beta_t":0.0738878417,"beta_t_error":[0.0040483914,0.0055114724]}
